fSdZX2lpXlRlYW0gSURIT29OU3lH,V1wuJj19STE5NDA2KSd8dCs1,XSt2TS9td09TYXxtR18lXQ==,UlI7R3sxR0xpbnV4VUAwRzlwag==
b3FRalclfEZvciBtYXplMDAuanBna24yPnJpaQ==,VmA+SW1PbDEwMCsxe0RtVzc=
b1xtW3F8fjdCLyskZnUx,XyRwdGBtczNZUEhecEgs,e2V0Yz51WjEwXWdqQl0iXg==,bUBhI3FLaTEwTiNLT0M0NQ==,XyVSPiI4UzYwRCFtSiVi,Sm9UbmxWbzNBMz01ZVVj,SzpZOTB5JTEwdjxpZ0N7fg==,bnsxQWVVVjZ0ZFpDWDFW,WCRgcjtTJjNCZk4tTnQu,b2cwSCZucDZRZls3cGw2
YyRuVzdOfjFfMnlaJThh,XWFgZmcvSTEyVHBLU3BkTg==,YzNWKmApYzM1QiJhcSxt,LFROXVwwdzEwKyFXQiE6OA==,cDV1ZVtjdDEycilbVlt9Iw==,UitGJylScTVETWk4TipI,MDZNaE5pZzdeUUM1V1Mr,NnIrJ2B1QDkpN2gwMXRJ,cy9BW2kjdjEyI1NORlVnfA==,MDxMcXpTUTVAXjtcXU5z
RkVXNyVBdjFkRHVnKTtC,KiJUd2BAWTE0ekkodE5cYg==,b0wsKyRbazkyWiNsXFZv,PzJWVzQwfjZiOHJVUU98,XCpmLDNnJTdUfnZHeHAt,STlMRXwxYjVhKkxwTlIu,T0RcdUVLcDlrWSZcaS05,OyhEMHNyRTEwXzgiUWAsVA==,aGlccWthOTZreVB7VTl4,bmZMKFlDdDVoME5PXGNH
I106TDl6MjV2KS9XKVFI,OzdBa0s+SzMxPj5eMWc6,ZGZyPTs5UjZFeVAvQltR,XGg/Xzk6OTVRXyhqUUxF,J0UyMlFFYjV+I1ZMOlZk,VT46eGAqODklQ3pYXWtN,Z01LOm5bbTYyT0VUciMt,Uzl+Pi1rezNMbC0xRWZK,dFN2KSY6LzEyO1YmWl8zeQ==,R2Fie2BkZjUvfCszOEtY
MG1LMGAkJjU+ekpQSzg3,L2g5fT9KQzVSK0hQQWNS,TSZdLlI8RzlWVnljUSs7,ZC8oXENMZDEyU0ApXj4uNA==,cl9ecyhPPDFmMjdfWVIr,JVtuRjh6LTE0UFREcz1Eaw==,cjJCIy4kcTlXOmx0T0Q7,Zz01cEEnTDQxLllfOjRR,MSghSEspdDNCbWpBWzMw,PWpiXGUqdTRaQyVjeTw1
fS5cW2E1LzU3NFBYQEU2,Jkl5LW1EIzlZejouUT9l,JWhmLH12MzZbcFU9Ujpu,cXYtaC1XUTcqLVBcWG1R,WFMjWCJGXjFTdC9eRXhS,fFB1Zk5lXDEwOSNtIVF4Pg==,dXlKdDYwYTEwKUY9cWomTg==,fTNOYDN9bjEyfmxCUyU6PA==,TVNyP0kjdzVZfk5Gbkdg,cFRdPjxbdDEzQSI1RSxzRQ==
THF7JXxucDl7dntNdUE4,OXkpKHwhPjZUMThEdHNs,XzA/WV4zXDVxeEBITGw8,bTRpe280QjFFa3lbJEhP,L2pPND9Jajg7YVRAOilc,UnN7TCwuJTEwRm0oOi4rcw==,OjVoUC0uKDEwQ1tmeiFrWg==,OjJjRGN0NzE0YjhHKU53VQ==,L2FmZlI5MDklJ0FFPyVa,Z1A9XnV5UTZEbiU6TnpT
L15+JEBXQzdmNVo5JzRl,S0AsUTVRPTVYIj53UVwv,LF05JEo4SDVXO0xcejVB,KEk4Y1NcbjlmRFcuQTFT,KWZ4YTltWzY9Jls8Ri1j,dz1tMExTOTNFa1lpdldO,WiVFPiF1ejY7cCluRXRP,YHEvXjQ/ejNRZ25GMiJN,Wzt8NyRvJDZtLmVWS0Zl,Oi99UjJOazVVOSluQTQu
RDBBKVpZaTVieyE/QGNa,Lzt4UyU8UTU+cXo7LDhM,aWZEfShySjkicXdWdnJb,YFF2K11LXTE0M20pdUxsaw==,WlYldjdwdDEzUEpRQ0J1Pg==,fFl0Q1tddjVsRWFpUih2,MWwzNTd7UzkybH5XaEt+,RGJbeW0vNzEyIyZhXC0tVQ==,IXhIcENHbDVMczdQZEdN,MiZnWmBReTVieFFKbnIq
JU9IbmJpXjlnajdMSGND,SmYjMT1aJTgtQ2lZWj9g,ZGdkK09iOTEwXjAvRmg6JA==,XFVwJUt6VTEwfVdkLz17Uw==,cVdcQGt8TDEwOWpVVVJPKw==,SitbcyhBZzEyQ3pdUFZOWA==,bHpHZXRydjExVUNxbXlTXQ==,RlBETy0ldzEwMktadEBwdw==,dGtdbCs8WThRPDNqQV0k,QzhbfU9NezEyZW4ySig9dA==
J3svNC81c0ZvciBtYXplMDEuanBnQkF6TWRSWA==,cDByeVNJbDEwME9sLyJbdig=
RW9uLDRlVzc0eHV5cWcz,JTZXLGVjOjExW2ppZzxBeQ==,fFt4SDBjIjJzeUs8LkUi,OyEwVHxSLjJzYSMvR003,YStGNS5INzYwTDJHLi5L,Mnp9cnAsbDdbWHlRK31Z,PDdKWiV7MjM+LFthQzFY,bDxyK29iQDE0YzF8XmFtLQ==,aEBUVkpoZjc9PyJAKU8p,NSZgJEFtJjc1SH42Q3t5
RCFMSEkoZTkzfHBjRVxX,cH1nMlQ7bDEwKnF2Sn5SUA==,bj12O1skQDRmdlZiekk9,YiY5YmkiOjEzUCpUUXEkZA==,dkdfUkB2XTEzTU5CKEo6SQ==,UlpvaHlKfjlqcmhmYi1H,XzpzYF0wazB2fHYlIW8n,by9KW0lyczEwdjtoZCdAKA==,MTtnWWtnUTBiQlheaEdV,aGo4XltASjQ0VWxCcW4m
Zl8iWTEoRTN1e1BFbHxt,Xip8bz5qcDE0YmRyL18jNg==,WkE2SXUnNjExKCtDVTVD,cjEybW93aTIyYUNLW1h6,UDw8V1drcDE0Rnp9fT8vTA==,cFBUYUg9VzExNDtgQlYhcg==,U183eDNObzBBajVXMUIy,bCk+UmR0ITE0fSYoMCQuWQ==,YG0hYSgnOTEzfjZRSzItIQ==,ZGhuUjdsNjEzdGxPbE5Dew==
aU4jZiFjPjF1ZV1jXVMy,V0BLbiM/cjJhYSw/LWxr,P1JvZiwuJTEyNCE7Pysqcg==,eyNKakVuTDEzVDgzMC1JVg==,YH5OPXFDezExbH1iSiJsaw==,aW49KnknSjJfbiVqVD9m,flRKInlhXDEyR3FhImBHMg==,UFVhZDYkUDclUnhqfWpE,YCNzbFNmITcvI01qWGBD,flFsMGZKYTcrWWxoXEQ0
bCVFTnBuXjVrI2onU3x9,K3V8R0xeNzElQTMhQnw9,Kit9eGx4NTE0LGBxbHFdeQ==,TVNcUnJjfDdsOCt7XV03,eT0oTllZLzNZVzlUMVdG,KnojUW0hNDgpVmthaG1x,VlFdMj9NYjEwKHhQOXBCYA==,TT5yWkRQRjhPZDFTQjNF,OygsbEBedzg0PkpAZDQ9,JEd0W3VVLjRFNHcmKmVk
c0c6LkVeOTUjVEQ7ZC9V,Tz01OWRGYzEzcm4sWT5BJw==,PzEmZjdKZzdKY089JHxK,X3h6bW1MKjF1OltIcm9J,REA/UjVNajEyWlpMLnxHVg==,OFZKQ11xRTMrNywnciMq,c1FwYi0tZjEwVTZRLDAqZA==,cGRsTStlWjE0Vmo0I3hvRQ==,NStJWXNSKDExJEU/fC5Mcw==,fH5YNDpPVDEydmp4b0gqTg==
JnJ5KlImNzVTJF4kcXZ3,eUw7bkpBdTc9fmcrdTRw,WFQmP2IhQDFfUzhzNDEi,ND1jakJpWTg0bi5YcUxV,YSk6UFE3czJkfCQ1Sy13,O0RXM2tuMThmQE9hUiJH,WWxseSVfbjI/XGdvemlq,Jz9pc2BKWTE0SShyJjJxXQ==,RWx0bixYKTd9ISpGQnJY,Kz9lVFVIQzdsISlVZEdF
bTAzZXc7VTk8cmZYaHVG,OV5WKTpfOjhLeSt1aDhe,amV1WDBcVDRFJ1UhY09q,UWk1dlFSbTcjc3M/MmM0,UDc5WE90KTEzaD5rUVNEUw==,SE5WaGRpdTd3M347RGFS,KFJvU2I8bzEzV3R+W11EIg==,TDR9eCpbQzdcOChhQ1JK,W1dsTV9aMDFTTjNtaFRF,YERTQT8zajEyQ3Q9bHotKQ==
cG9HZTtOPDExOlA0cyk7cw==,dm1KSXxENjZkUXYzSV4r,UWMicGtFQDE7RH11NzxC,ZUQvcyElNzh3cn0mWToi,ITU3Zi46bTEwO0A4WUxyQA==,aU9zNk0sbDBjeFNofXJe,M2JUfVotOjJ+TydmSyhh,VXArZE1RLTAveypxaGJ4,OHJNJFwxXjg1fXFid3Qj,TTBdWT94WjE0c1ImOXx4VQ==
dyxFTmN5RzExdFxedDQlYg==,dHorRXgrYDhMOlQ2RSRh,bUV0ISh3eTg9NVU5Pigl,czs1TnNSPTEwNllde0ljTA==,PCNObyFNWjE0XXJxKEt5ew==,TEdvQVwrNzEzblVtMyIqWA==,JV99fHNdLzEzazoqJT9NKQ==,Iik5WypnaDlcQWc6WnYo,c2olJmI8ezEwZkNJfX1yeg==,ZFtPPjVdZDE0bXlUfl59Yg==
UzRXYHRONUZvciBtYXplMDIuanBnP35zX15CSQ==,ZCF9LzIlaDkyOVlHUEFXRA==
I3BmTCg3fjE1eDloVUJeUA==,NHdeSX1nOTE1NUM6LHRSMw==,Zzo+IyR3PjExSSssPXhfdQ==,Tyo0MjR8MTZFTCgwcCZB,SVAvZTddMzM9RDdAQSgy,VT5ETzpaOjEwRXBuJEQ1Pg==,akJXcyZDPzZJJkdjSTgw,XXZKcj9nTjdFL0hlNERs,ciEkTy9zKjNfV3Y2UnFx,YSMkPUVfdTE0XE9iTVUlOA==
bi0lUil7dzE1dWI1NDFcYA==,UV18QzRnPjVXTyVWcyhb,aXcnbTBoaTExbGYkM2txdQ==,fChgd2EtRjg6U3pHLXI4,TiVlI2hNJTAlLU5+cXxB,dHIkaHtfUTE0MDFecXplUQ==,TTR9clAnRzl6bz4xUFBf,TXlNfElZczhCMF1QSVJB,JiY7OD10UjBxbypTK0pw,Y1skY1E5NjE0cSs8cjo6Xw==
T15SUiZGZjNIMmR0Pnpz,YDpKNDZrOTBFXXB0UTxB,VSUiUUg6bzEwNEhXeCtOJA==,Z1BgXDowcTE0QXFFVz9qcQ==,SV5MIkdsTTEzWUsqSDsjLw==,TmxYPDdOLTExXXMiaERheg==,V1xKMmF1PzYoNkB7ejE9,eHFqTGAjfDNOWygmNF47,THlHdClDYThGOz1RNUBF,Nn0kM1xnUzE0bDF6fnBmbA==
eVptMSRmdzEzaXQsIWFtNQ==,YFJcMm1OdTUmW0liKW88,Qm48QztpazExNCVsYzFUPw==,ODxnNmJMbjJ8LndlZ1dR,fl8yfFEwdjE0angyU0BeYg==,bVt5SCQ2LzNYaDZKRide,LUM4ZShmRjgjPFhbMjQ0,cm5XWDY0MjAnbDhAYHon,Qn5eYDgtNzEwclpaPnVKUA==,ITAwZX53STZlKiQ/KS5z
IUhcUTkrczNpfkl1SjJG,VzR+a29QSTBxPGdzNko9,LUV9dzZIezInfDxcLyJt,SiZMLGU6NDgwL0lYeTNl,WUtXLC0sITIhPFY5PltO,VD57QylqODEyNyxFJ1RPeQ==,Y3J+M1NuPDExJCw0NUdtIg==,Y04zJ315bzAkXXEkXGFx,OjF9dXlULTE0ZzJybl0keg==,KSV0dzwjTjEzel0qdVB7YA==
KnVFXWFbRjVgblFmZG8t,S35mSnU5YTU0IjJOSilx,ekspNiZXKzVKJGhpQ1hC,elVWIVtIQzExbE9nQzd4Sw==,ZUZ9fW9uLDg1JitBS1Yw,Xn1uISRFZzE0WjZtemZOVQ==,KjUpZUgzcTExQn46fCNgTA==,IipOKFgjczQiNU8vdiFF,WXgjRHFrZDNCLm47MGsp,UXJ+WT5pZTE0SGxsTU4lOg==
RlZLLmFuOzU9ciJsWShO,cFlJWnE5XTVXUkp4V2tI,QThCMCttPTVmLDpvVnA0,bTJVOyU7ZjExP0Z0NF9Nbw==,OmZcblJGSjEwTVRvLk58bw==,dFE/ciVedDJfdChPUDY+,OEVnYXlfXzIxL1cuNVxI,UGwlMCluOThiOUc7ZT5C,PEYuQ0cuOThPckx+eXg7,bXNtOjxhSjZsWFAsU0xm
KmduJ0VIbjU1I3hkd0p8,XydRVkw5STEzPUciQ1hVRg==,In09Q2Q0UDFQOjNBdmNc,VlNVODlSUTZyWzlwe14s,bGRfeCV7TzExLlZxJ3c0YQ==,eihGRlVwTjEyMVxbLmo7WQ==,MDdOWkJAejFKcHNydCJI,KGJxSG87SDYmPS1qSGth,Zn4kRW5SOTNOWWMjUl4u,LDVhVGVkWDEybEY+RGgqRQ==
V2w4d3A9LjFyLWYwM0dQ,dk9bVCdncTY3MHlnP0Fe,SlFMMHdcazEzOEgkV21fNw==,QUZkJ2wtbzUhfXFSQTpS,dG9zPGk9LDNFMG9nUy9B,aFRbUCcnezEwdD1fI2VUIg==,Nk8mPz9AZTQqZ0M7fUdc,PXRuZSVJSTVAS3I3ektu,a3dDakZ1SjFsVkgtbm5h,UExSOUpxMzZSaDlyX3h6
aDRKIzJPdTEzaUxvaWhtQQ==,VW8iKkdLbTlJJCEmc2hh,Rjp1U3lFXTE0Rzw0cHBlUQ==,IisnUWc8TDEzUDpuQ0M1Xw==,MnNtMDBCYjEzYDRgLV1cNA==,Ok9DeXgkYjExWF5Sdk15Wg==,NjBweCJ5KjEyTU0pPVoqeg==,U1haajBDJzEzJVZ7P1dcaQ==,a1lqYk5jVTEzSFtlUkVfdA==,bU1WYzddKDEzJVBycUhceQ==
cWpxQyU5RkZvciBtYXplMDMuanBnQno2dykqTw==,X3duXkwiYDk0KnQ7enxRUA==
US0tW3J5djd5aHVJJ3lv,Mj9+ME52PzExbzplZnp6IQ==,YEw4Y0glKDJWIlFreDcy,STNjeV42TzE0J35HZkxFZQ==,QWwhRTBeXDMySiNXNkFL,Z0xrQi0mITE0UGc8aVduXg==,KEQ5MTUhTDNMKSVPWHR7,cj5lLjEvSzZxeGJbWUww,KUItW1d4KDJQRjxAQGlP,T1JgXl9mMTE1fD8hI3RmKA==
SU8iPHIuPTUtdihSViNB,P2VFQjp3LDExNStqbjVadQ==,SjxwPjRcaTA6UW92ZGIo,WyFFRiRpXDIkL1BDY1ZB,WXoqd3d3WzhNPF5oMDE+,PDheTVVSXjJsUG15Mm19,dzRwOUN5dTRaTkgjcjw5,VT5cR3t5RzEzIUo1LGw4Ww==,a3QkfiJ1ZjEzO2s4eDdSZg==,XDhXbiUuTDE1Yj4tbi1dUw==
TzoqLiNQQzE1S01RW1d8,MFdcfCFEPTEwMjlScz5sbg==,R3xhSyZBdTEyKVxORCVzZA==,fl4rSCdNUjEzQktEWEhwLQ==,cE5ifnU7RDExLWRFVUN1IQ==,LExaSm92WjEyXkl3MSJfdw==,LmAsQmZ2cTlLUW50OVpW,ck5+b2ZAXzJ9TCFzbGRN,LyM4c1dIdzE0JXdhZyU2NQ==,bzV2Q1EnNTVFeVBxOjxf
Tz9DNFlvJjEzMGJRIkolJg==,JTJDLVU6RzExaXxfJ2dhYg==,Ri1PWnc2UzY8SF5lS1lT,M3RfdDE3MjM0YilCOyk6,QF1aSWZORzIrXzcvLjQh,OUpANG5TIjEwViVJXDtzdg==,Znx2XUMkLjEwbCRzXlYjWA==,dixeJ0NuNjBLM0U6LSdv,UWd7bmQ0eDE0JzwoTy0pRg==,UT1SS2pKdDUqWUNPLSVh
KW9OKWB4PzMnMzFbenoq,Y2EwdCldKjEwN19pI3BGdg==,W2VhKFVcJzg2JzZUJEE9,NWFFLVNBejRLPFAzL1s3,NE0+RTAvUjEzS0YqP2s3Tw==,NjFLKzFOUDNsd1BlUF14,QWZJJzR8bTEwOVBVcjB4Sg==,TjczNV51LDBjNXF0bW0r,NWU0J0cpVDE0d2QrY0M7VQ==,TU9DYThMQTU9NXZSYj9f
IVIqd2w0SDEzPTxRZj52MQ==,QT13XEZaRzExekxXYnM5Jg==,InA8cjFRRjEwZTg+ZCh8ZA==,b3YmXWN2JzRuNnN8OCN0,W3U8ekwoXzM/fiw6Zm1n,NSRTUmI3RjEyUTs7UnNeLw==,MmhRLkpPaDExVmZWWVFqSQ==,SDJuODNUcjBZYSV2RnZd,NyR8SToqQTE0UEApbWR2YA==,R11AMFttXjVZTHVNYipJ
LXJOKjZnOzExUSVeTVB5dg==,bGsxXnI/QjEwRT50NEN8fA==,ST5XOExZTTJtQkBYLEVX,Zlk+TGk8WzR9Uy1gaSJR,KkpYbV48dTVAKXslOlMx,QyRcfTZFeTcvTighdzA+,eFArKlIqWzdccX1DZXdf,XEhmaFtZeTE1azd4JDp0,MDJ1YU9HVDZSQDkkYDZZ,c1FxXXdOVTEzcEZvTldQOg==
NCQzKCVTSDMkeFwoeFFg,SkhFUzVLVzJbTXc1K1k9,N0lTITxlezQ8VWJMYF1h,IUs3XWZISjEzaEAvYGVnZg==,UTFbJ25UKTEza3Q4RjRxVA==,PVlLRFtTODFBPzxTLkk1,RCRNeTB7PzBsQiN4Sj0s,I0xZeXE9XzQvJz5odzpZ,RkhbMyZ8ejl+Um4iOk1M,aHdJKFJyNTZrfkdrV1N2
cmJkbFFKbjEzP0JDXkp2QA==,Syp0RE1+ZDVOXT07XGZ4,JnlvQDQofDEzJE5XJEk1QA==,ejxyJ1AnQjExOGpXaU1tdw==,PDx9NyQ9eTEwOnJMIUkmeA==,SjFFSldLVjEyQ2xpNiFzJg==,eEZ2LiRmdjVIcUZOIV47,bkk6UWl9fTVMW0ZuQ0hX,ISF+Jz1iJjExKVxJemFpSA==,Ni8tM1RwOTR+Wml0Izom
Kj9Tek0mTjExNz1qJHwpdA==,amNQdmRBfjEyPUtDX0wiOw==,LFAmRXFDIzExXEBeQmJQZQ==,fEIqdV1LSTEwO3Rsa0Y7TQ==,MjJnbD4+MTEwV19dOnU1WA==,O2YrNTZwUDEweHUtdylBXQ==,eGcpWXgqSTEyIUZ1e2I4Ow==,Wjp8MUN5JjEzL155VXU8Wg==,dSRPfiMrQjExLCtEI2B5YQ==,WFZ7fmMiPjEyXCcuSCxRdg==
dGw5V3MwPEZvciBtYXplMDQuanBnZUUsZzpxMg==,a0IrJlJXazEwMFYpSCpoOE4=
UTB9LFUwSzdkaHhKaCso,PTk2SUt6fTExckVNa2spSQ==,bTNNRD95fTJTWCN1YDx4,Tk1bJ31nWTEwcD0sO3hMXw==,KCdHbTx8bjEwdW48TFdPRA==,cjx3diw+KTEwSyo0TmRHJA==,bTkuQX1+bTY1J3FfUVhB,OTFbJSIxTjNHSScwUVlj,bF40Pj1HdTE0OkJKcnwqOQ==,NmAiWXJBUDdlVSNeLFFJ
dU58OmhXXzVDeT5HeS8z,NGRGelkzbzc2WjZVP0tC,Rks5PHhiPDEzJmRjPDA/TQ==,cDVNUHZWJDdHXW8rTTVI,JChkNjBjKTdKTlk9dH1y,fCdEQ08rWzExXH5TZmMndA==,aSpDTSxeZDA6XiswezM6,S0J4R1psbDR3MkptP09q,L1U0LHBSSDNFR05uQz9i,Zm02c24/fDEyM1xxLjpLKQ==
L3dvK2Q9YDEjPi4uIUBi,ZFh9cHFEcTEyTGlIVVFzQA==,WTBhbG5wVjd1bHM9Ulc+,LyozLmM4RzlgMHJ9ZTp2,STguPiZRZjQuOzNwPzpl,LmYmSkZXMDdRaTwvOms0,P152ZVk+PTEzbzx7VC9yVg==,InBJSWlCajV+VSVZMEA+,RiQ+eHQkaDE6RDlBP1M6,d3h+YSxgVjE0XG8iT3smKA==
OnZyV0htRTE6JTtTPyo6,NjFzfEB9JjE0JGopSHpYIw==,ODRYLHE/UjFpeGo3MjRG,VlApTzVNQTZZKFQlV2J1,K2xmPydlSTFsS1B9bXU/,OXwjaFBAQjRAJ0dCZidB,RjJYTEFCbDdwUjlLK11V,OV9XNVwhIzVvUD5kZkpl,cDRyO3taeDVoZDtnZFpf,SFBfKCFrJjc3Sm1fTGZJ
KkpJbV9SUDFgMjNCVFVx,ZWJRblJJbzE0VzpORUxLZw==,Yzh1J2lteTEzeSM5dic3dQ==,fk57RjgzQTVFXjUwL2op,OD9BQGVIeDEzMSh9QDt8Vw==,KEc6QEBSfTlrPnhwMDUt,U2c9NClIdzAkIVp2P3hS,VmNTRHRJRjheKUA6QEFn,SzFIPzZmXjhvdlxzPDcw,eHx7MGI9bzEyQSVPVXAsRQ==
eXVFR2BdLjl0NHwnQV5A,cHs5WGQ2VTEwc3I1bHIoZg==,ZzkvWH43NDZhSidKIi89,S3YmTWZbTjl5YVw0Z3V4,dCg7VzByWjEwPCUuRmx6VA==,RVZyJCxLJzI4YCI0ZDhB,T1FiamsmaThnND0yY1pX,Y1I2MmR4dDIpfEslaTcl,LHxfJitZVTEwVEVkfkMnSw==,Q0AsZ3ksXjE0ITIrS3s2fA==
L1dCdmtbYTc/O0tyP3hH,KlF3TCtXdTN7MlpKUWtC,bTMuR2VrRzRre3wxMTZM,L0JxdXgzSTc8O2FEdzZE,WzZcSiNEbzExJnlmaHtwcA==,VzAiW1g+MDEyTi5IdkFgeg==,Y1VRfSZ2OTdOT2V+KVdl,IX5XMjdNNTFyejp3Q1lg,dF9UL1hxajEwV3JTbWRlVA==,RFArMDxwITE0ZmpPekY0fQ==
LS83XHFALTlNd1Qtfkd2,UmFUUG1tRDRBY3lOZm0+,M2lqT0RtYDEzKn51LyUiTg==,KngjdzBPMTlJX1MmNzxH,dTRgVWNiVTEwPWNUaEgwfA==,WDEnWmwzQjI1NTpEcmg0,LWVmNF5sXDgvRTJDUzk8,VyldczQ6RTBvTHYpWW1w,IkJPZEMyRjImSzBsXXhi,SlE4UT5vJTE0eig0VzBhJw==
SWxvWlRsazMrLGJnT3he,RnZbKzRLTDBtW3N6KGpJ,T3pKVDQ+ZzEwZEVtX2tcIw==,REc/LnZPUzY+MkZbISI0,OjZvaHVvUDExR1xROktsKg==,RVB4XmVCTzR+MU5iSUZu,VGQjO2N3NjExMElxKHxhUg==,aDphZ3V0JzEyS1QsXWpUSA==,XFZ6R3AuRjE/JSRqRlpM,TjVUPntSKDE0czd+Zl1WKw==
fUUoUHZHZDEzeTJrMFBRbw==,azVUJE03djEzaUhMP0lmOA==,QVR8eV9ObzExW3YoYyRHbA==,ezlZJ3F3Yjg2Qz94cXZB,S3xeb1xOIjEwcyNmcUdhZA==,Ml0rL1VVfTgsYk04byY/,VXleIXdgZDEwelltWWAwQg==,emlZO31eUDE0WmtZS0ttUw==,RH5fWztlYTl7aGssSXNw,djJJNTJZSjE0XzNNNUw1Ow==
RCtrZT5RIUZvciBtYXplMDUuanBnZUlLSEFOTw==,eSVqRnRVTjkyNGtSMX1FaQ==
QUoiImJFbTcqekcpeW48,PEZ9TH5RUjN0QjxGM11L,RydHOkBSXjEwa2QoaUItQg==,P1NcSjtcXTE0LmFdT2BMcg==,WmFmJXJGOzNuVEpZeXxd,VStpMWlnXTJZMyEoO1o5,JDswal0kVzE0Slh1LEA/WA==,QyN2Rn1ANzE0fS5qRXhNTA==,flUkNCMzVjExVGlMQm9rbw==,bX4xJDEqfDE0JG4rYHBsLg==
VGZrdTc9RTVsMzVHO09h,dDRDOVA8WjFFX2FlMChq,QExyXDdxJzE0aG9NPkE+Zw==,U11SNkJ1STExQV1UaXUyJA==,RzxtWl1xfjQ/RCEoUGho,KWtVNmFkVDk1NnUpUTY2,SGljdH1sXDZzMzBwdl89,ZFpQITJgXzExTEczSUZNQw==,TmIodSx3UzEwbHQtIi5OIQ==,eT5eeicuJzZMZTs3cDkz
b3clSls0MjFzUCV4bCdI,d3FGNyVoPTB2Nj1BZUBB,L1x5YyNcczI+M05dQ2on,WCVDZH1kUjE0ZDZrMmtEcQ==,XVdXNGRoWjEzdnVtfDlqTw==,aFVELlFbJTExfUFec11Hbg==,ei04KS5aTDBXKH4iNCdp,LkUsYCw7NjE0aHRDWlh2ew==,TnAlOlReITM/Vj51figs,KFQsZGolczEybUZEQDFsLw==
QDY5eXJpJzV3MWlOT3Ym,THc3JVUiMDEzITZqPEZaWQ==,J35DNmgpITldbi4oblcw,cXYucFZbVTJSc1N4O29n,ViJJLyoqSjEwTkNcd21rNQ==,elRCfEosdjEwYG1yWCJrXA==,Kio+IWdlQDR9fFVfO1ot,TDIocSNKXTdKbHI3e2xl,RitUMTg0ZjU/KkdTaUp2,Zl15bEZzKDdJZjxGRWdA
TGBHTV8tSTluJDIlM0gs,JStnUX5FNTE0JCNUJzwmbA==,U2o9c1ZmOTExakBzJFQ/Yg==,OkRVfElDfDEySjksIXhRTw==,Qm1CISVLYDMkY1M+KWBX,Ji0pTi0tNDEwKzB+OUdMdQ==,bmlpVXpxazhHcXBWX3JP,Yk08ITVjYTBLQmg1fU1Y,L0MxSnwxWTgyNGhTO3Nq,TXpBMUJ0PzEyU1ZYe3FMTA==
N0oifTlWSTExbFVBcFhqNw==,Xjcxb0Z1LzYkQTAwLCI/,a1NOc1BmSDExX2N3WVNKeQ==,NXBzLXY6VDEwJTN1WFV2cw==,ZkhPYj9iKjEyLzdRKHVjTw==,P1U/XHhVaTd2Znc5XnJn,THtNUTk8JDExU1UiRkVlbg==,U3EmRkdSRTQtWltIeTlN,dCNWPDdZYTM7UkNicHAn,K3ZIaF15czE0VXBJRVRCPw==
PGEnQH15RzExOyJaJ2kwOA==,ZiJTKFhTdzBAWiwvJDxo,MkMvXWNCMTEwVjtqPlctfg==,fnJZKkhjNzEwbXUifDolTw==,QWlZJCI4ejZuQ28/I3Vb,YCplUCw1YzFeYWFHZXxU,KVdcVUJIYjJhZ2paJC45,eV0tK2hwNDBkejwnWVJZ,bDxLbEl8TzA6MXkmaiQ3,fS1zJ0xydTE0JTs7KTg3cw==
Rkd4QlcpNTExel0vdyZNLg==,XiZHMkNBIzEyZyEuTWd3VQ==,WlcsakIhRDExd3tXRWdlUQ==,dVFLekc4dDIjRmlAMygm,Z0ZqMioobzBbRXo2OzJm,LlZnLUBhXjQuKXtxITd5,QVdic2RhNzUiall8R3VY,eSEqSUg1RzEzay1UaXUtQg==,QnU6eEh+ajlgdVEvOS1U,OlZqXXUufDYsUFpgSHU+
V3BYNDBcMzExeEUmQmYmYA==,YHV1dlRzUTEwd0MjLHI1SA==,K2pvQGBQSDIhNXY7JzMp,S1s2fFh8UzRCKTlSTit2,US1qM1hWXTEzb2s2azhXVQ==,JT54e3V+cjVKNyxbe1Jg,ZkF3SCElLjEjTUpnVG9M,TSdqaihkYDJHUmw5PTU1,cm00Z2E7WDYuOmo6Wm1q,RDtCWiEmZDUpTVhyQ3Jq
aydHR3FnMTExUyJcSC1sPg==,bVgvZVN3UzEwXT89e0wwOA==,UlUxMWVuXzg5VSlrYCpq,eiRwNCIrUzEzdFNdYidgVQ==,SDlyVyxPPTExVWMvO18yJA==,X3xjZUckJjEySXxTUVgoLA==,fnpTSSYrfDEzUzUzeUNgUQ==,ZE0hOCU9JzEzYzMkWCpeYg==,YGYkeHUpNTEzcFJXT0wjcA==,LnFWWlU5UzEzInxqPi1TMg==
ZEhwSkJAfkZvciBtYXplMDYuanBnPn5RflctYQ==,T0EjWEtUZzk2fltJYT83Xg==
VnBAZjM8TjdLfD8sWG9A,MlY0dWsxZDN8X3I9U3FH,ZVB5KSVReTY/bVFJSkUp,ezQ8a3pucTNzZ2xGKmE6,IzwtWCw7dTYnN0NKK3xJ,SCs7S0poMTNNKDYrZGR2,R0pFLHM4QDEwOU9CJUpfVA==,bSRAUlZ9SDJCVl58XCcr,MDo0XiFfMzE0ei8pcTBVSw==,U1IyRUAyVzZxeVg0QUFE
JlZeUjlLIzFpUjpce1Ih,b3xOXnxSRzEyX2x1b1pgag==,c30oe2pnXDlFbnVUbFFr,Y1NfYH5RbzEyVUonWHYhPQ==,LF90YloqVzkvb0pwI3d0,Ty4lPGIoSDEyInp+XEUnKQ==,UVV0ait+VjNaMklRS29N,aH1EfkhFdTEyNV0zNUovNA==,bjZRNyxnbjdTTDlEX0hJ,bChNR1snTjdkPCp9KSk7
MSlcNCFdYDlNM358VUhd,Nl1yd3pKZDEwSXdpUHAkQQ==,KmsjWjtyJTEwL281NHV+Tg==,VXQrI0wrTzY0LkJGSFkp,RE9kPmtxPDc5V1F2Kicv,VT5RNUx5LDNzfEMqZmtp,Tiw0PFpnbzEydVNBPVpsZw==,KCpobTNgZDExdjZSX0F5MQ==,UF13QEsuYzRbKSMvOFBC,e0U4L0I7eTUzXixvJ3dv
d0dCUzQnNjNUYV1+ZjNQ,RURxNDxMfDZ8TCM0KGsx,PVAqVyxNPzM3XXMhNncp,YkEsIWpMVzEyRXkwSk5ZIw==,VkBqPmwhNzVDRVMkQCpY,M0MzISRRKDkoe1twcCsz,MnwiVjtBLTEwQ3Y8Xkc3Yw==,Wy9TZm15UDZ7eS82d1Y8,bnEiXl05azUla0BkLURw,NUptWFBeIjV1VXVqbFw8
Znoueyl+STVBPTtII3Rv,S2VAeCZcUTkmMWlrWW4u,TnU7aypoTDhFO29rYUBV,UzEtUDt0JjE0fks+XzEnZQ==,fT4mSThHUTFRNERmN1NB,WWAqYXNgYDJLYkI1PGpp,cyUxNlxUNDE0bDBtVVZAWw==,JXZ6MEBGVzVtKDgmdkow,W2FvZW1YQTFaVkotV0gp,PyRbfDMsSjEyKUI3W3g7SQ==
InA/LSRHITVaRXh+Mngo,NEJCPDttNzExWyg/VVlWPg==,PC83WCYrKTJTaUkwYENj,ejRxL05lXTIvWjc3JVhv,YUJsLytIPjEySmhqbmxWag==,a1ojNV1CezUqJWt6Q31w,QGw/Mzt+RjN6XjQzS2Aw,I3BNWG1zQjEycHxkLiNVbA==,emdee0dSKTU3VCNkMSVb,LXpzSG9oOzcrb2siXkZs
ODJmUWkuKzlZfHBzOXZo,UWJ5dm8sXjZcWHg8bl18,RHkhc1EtbTVLSmRbTlVS,bl1JXDpaTzVNc0B6TWI3,eT8kJ2prSjExd2Q3Qk41eA==,TypCXTo+YTRALEpMIWRK,eSx9TVwmXTkjb1N2Z0w5,cGclNHF3TzZnXzM3XWpf,XW8pJSZCRDlZP2pfImA2,a0BfWiQldDRjZF9COSZ7
VjROflQ3YzN0LklVVTg3,WEx7SyZ2bjEyUXNRL3lqKQ==,OGlRWjBuKjEzQmdwRGRAaQ==,dEZ1aFlaOzltRlAyX1ln,dWIrLFZdLDZzYSssbHxI,VHlPXyxpMzlaZmIwVWEj,M0BvcH14dTZUOn1GdGpJ,Qj94fDk9MDU7Mi1BNWNC,STtGIzpIXzd2Ul9bRzp3,NyNcZmFIdzVDR2ozMmNa
WGw1QjEhPzVBcllDP3Mi,RnZhYGQ0SDNcKFAvaCR5,aUZhKUh7SjEwTXdFR3FNLg==,UEV6O3RYRjZ7VHBeaiJt,JiR+NUBecDVNSXNqfGZu,UCRKOV87YzExaGA1WT10Vw==,NVIrTTRAOTEyKVA5Yik6Vw==,VD5MKmZpLTVdIyZ5Nm0m,KitZJ1tuLjU3WmskOiFD,Q1FsIWRlWjVjPz40c3gu
MVpUVTNnKTlfRy14eypv,d31AW1pUNDEyJVYzQkdLeA==,LnI8anI7YTExMi9mbCddcA==,ZUx5UHZEWzh5QVx+Iypq,TVMwTUFmKDEyWD1UX1ZpMA==,JG8vOkZ3ZzExPztCbjo2dg==,Y111ckQsWzEwT3NFakN+KQ==,aTstMlRYWTEyfWtsMXxpKw==,RS1WSClYKzkkaHdkRyJp,QWN0T18mfTEyXkltaGw3aw==
YjcyRCtRfEZvciBtYXplMDcuanBnOC52PHtPVA==,fk9dYTZIejEwMHdHdW5aO2s=
X0xELE18VTNFZWx4Q0xA,MzdtTXRKLjE0LiFpcnNKSw==,WV1DI2dVazNnfWVxKm9X,OG5BbV8mdjEwZ3BENWsxQQ==,QSIkMl8nWzEwWjlpQ28uMg==,TVMwV1xybjEwVSVhUSUhcA==,ZFUrWSQwVDEwO0M4IS45Mw==,Y2JsWm91MDIiPCN0ai53,TFVoUHtTKTEweXl8QFdWKg==,bENqOWhWOzZKbDRwX1Ut
WkA8XXhBUTVcKShJMmYy,OFNkL291WjMmXFAhQ0U5,JHxlcHM0NDEyPFdUUi8tbw==,WkFrLV1DQjExbihMPmZpPQ==,RFNwOnQxfDY9P3kuW1RL,Z059PCRYPDMvXyp8ZSlZ,I0k8aW9vKjZCdTcyMCJ3,TmVnUl9iMjEzOzVHc2FSdA==,Y0dWPHQ1ODNaQklQU1d2,ZXhIaGtCYTQmXXFpW2g8
VidWIUs1XzUocUJZX3Yq,MS4wJmZTQzlDXSNYd1M0,ZnVzZlJ3bjIwPFZpe2FS,bXFMQENZYjEwbVAzYW1pQw==,VVNnRkx0eTEyKidte1FLSg==,MmdhclVdVDVRZiMkUGJ1,SC9RTWNYQzlOQGkkPE9G,amlVRXZFQDY0IXBqVF0s,VWovfklIQDU4IU5QdyNN,PDZTOE0uQDEzXChYWV1sZA==
clBXUVZ0KDF0WWxjZjdo,KVI5ejFNUjE0WHUhO2FzQA==,LmAkZS5gcTU3T0RCXXlc,RV5xPFQ6bDM4d2dIXTRH,SVp4fXVXWTYwYis1eFF4,MHBJKDdsYDlJOSZPXlFt,K2kvTXxEbDZ0ayt8TVNx,JD5sZnN4VzVGIjJpIis5,YWQuZTYpIzlJOk5sRkJT,UlorKkVDQTZZbiQ8Xl43
QztDLnM6XDlGfiwsQ0Ym,Qzo6VEE2ajEwaTh8b3pLNA==,JD1cWTJyYjEyRVFTTm4wVQ==,SlIzPVxYXzUtQGJkQ0tp,I2pAW0hEPjlbdypRLSJ8,dEV+LjhhWzEwTighU2dsPA==,KWMkNnUnPDEyZC9NYzBiVQ==,ZUBZWGlDYjVRcSE2U25D,RGMpdmMzSTMkOmc2LTIn,NVV5cm4yJTEyYXZKcGAmJQ==
LFlHWlxhcDNoW0FvQC9d,Uzd9KU5KezEwbnQtL1ZCWA==,REdNNXR2djYxOHt6OT8p,KXdxUF05NTVMKGdlQk54,O1NMJkZuUjcmeDhkRCdt,ST1dJzJvbDN6cF89JUtK,WjBMW0osZTEwZmdzVT9EIg==,IWFwcTwzUzEySToyWHZnJg==,RSc2K2AnLTksWnptMiY7,aXhGWmQqMjY3R1ohYVNT
RThZZG9lJTVuJnNlTyt3,ezFxYlojezExRSFlRVEiSg==,aDVybDM+NzhkKVdcIVg8,UCxmNTVwRDEydnszX0RPXQ==,W2k3fj5nJzVWWzIoWlo0,QXQxdCZSSjVWYXZ4bnNA,V3ZcQzJdJzNXQ0AwLmpd,NiQkIkpMNDYpPW1QKiZv,bncwMWJ2KDNtR3xULnFi,NXBFPTcjOTEyZWswendyaw==
N1sndEQuMzV7NGVYXXFv,bCRGbE17VDc+P3hFczBG,azckQVNRbjNVI1E3OX5B,LX42clxFLDEwamBeRntqSw==,TGswfW48TTRhO3FOWHs3,JFReXkdpSjVMY2whcHAz,My9AKWBeMDV1NGpPTDBk,c288YiFAPTVoKXFyX3BK,YWBiLX5OPTlBWnhMV2hb,eiJVdS5MazZeeWk+bTB8
cj9sTGN8OzU2I1RZU04j,SVo3ZjFOfTUzW2xecS8/,SG9QTGVWMjk3dGtiUH1R,TktJe0MkXDZkPGA/c3p+,NytlaytBWjU5bWckaXtw,fm17O2AqQzkxUXZBXFhN,Wm1JTjNoOzEyO3YlRjo5Nw==,cnE9OnpRIzkxdXQ1RiZv,eS1ORyt+SjYrVWhmWmI4,PlpdNjJXdDVoUUM7I0lY
TmEmYEV7WDkrcm9SVC9c,amg4ekYsXzEydEgnKEEyTw==,Sm91KVhmQzExWCJQVVQmWA==,NGEkaFV5PjEyQTVnRH4qVQ==,WGJ8Y2speDlLRT0jSCt4,am1ZTi50XTEwYFlzKk5AXg==,PDNfQkBxXzEwJ3x9Kl1pTw==,J2xCRF8+dzEwT1EmV053Jg==,TSF1ejkiWDhXJUtBciwm,MG84NnwvVzEyS2Z+KSdMTg==
K3kqLF5bSkZvciBtYXplMDguanBnLzhwVSZPMw==,PEsmKFt2VTg0NzktIml1cw==
TWwvSDpQVjE1QlBZPSg5eA==,TDhCYiZdQjExfjVjJy9qQw==,Qi8oWDlTJTEwcyRdcjJGZg==,Vks7c3IqLzEwLlpsSDBccg==,KWAtdjpJMjEwPiwufEZYKA==,OD5SRWs2RTEwRj8tWzFgUw==,KWUwditBPzYwbiQjWWFW,KVFvMUxxYDExZns2L0Vuag==,WjJlcH1aXzZuQyc9XDAx,KCJtMjAtLzdySXFqfC9Y
Qi02NkZwQTE1Q1QnWDBGMQ==,MClYLCx6XTdyZDRWdy4l,TksiZHtpazN5OGRtcDxf,UVQueTAvTjEwYyM4em1NIg==,JG1oe2MtKTEwI2poImxiSg==,eXY2aTVEZTZRJT4ndG47,NVA3ez1nZzlqJVo/eDg/,Lk9PNnBqWTZxVkZWajpQ,O0Y+blRlcTEzSTFMMzFYYQ==,Ukpec3NHOzUlKCp8Mjxu
KCc0aHE8eDcvTGIrelsk,O3xNR1liOTlHQCg5TUgi,RDVrdnpaWzhhOF8/Jylu,QSh8b3BhTzEwamoraHZteg==,YWddfX40QjE0YHNyV2dafQ==,PSwwKit0ejVJU1NpLlYm,UydhMntkfjNSclF7PzF4,eV9BKDgzOThzT1pnRUpn,I2tbaDJnbzEwU3FZVDtbcQ==,dilPcVNTXjR3Rj9iY2Ex
e3h1OTwqUTEzXD8tay5NRw==,eGhpO2N+WzMicXtXPyJD,JnM6aG9QeTYyaTslTzk4,XlBMJlVtTTN0ezh7Vic6,SyxWN155QzEwPyNOW3coIg==,KjkwdVAlcTEyL0g9Um50Ng==,OnJSI1dvVzEzLGpUN1FJZQ==,dXRSZWJ3WzNyPUoqaFVD,U0V+Y3B0LTYsSilRVHZz,Yj9laXx7ZDEzYlBPXXV9dQ==
SSt2UExxIjlHdXs1K0Vp,SU9VOFQ6LTEyRm10Kn0uTA==,cV9sWlU0XjVtWmMmZT0w,IWM6USd4OTlGKT1yOjxA,OSdGYClKNTEwMjxoYUxLZw==,cWg3Jzc/LTEwR1BNdVNTKg==,M31xXWwxbTEwaWcheWVdOA==,a11yfWNDITEybmJna2ZfUg==,aiIlX2UucDlqMFotdy1c,LGBxfUBPfjZ7OSxeejc2
fGcrVFNGMzNlZk1BSzlR,dCZhTEFpXjE0TjUiNXZxQQ==,ZmlOK2FSajlJXW1MYXF8,KFhmcHxCPjEwSz5RMzctOg==,Jyh6d1JbejEwXXcuK0Y5Rw==,LTBmJ3hDUDEwVyh9ZUxhYw==,Mk1bbzFwYzJvNEZ7X2A/,Tl86ITs5LzE0Qyc1XU1zVg==,clt2YVxkTDNoXi8mI2Q+,L2wnXmdLTDEyYGN7RFo+Mw==
OGl9Nm5YJjFAfiItYzA+,QHM6SSMwdTZ5SzppfDQq,TGoxVnl9eDNQVjpCJiY/,U0RQemFbKDEwL1loO2RifQ==,YS5cZHY4SjJqLl9jXGxM,UlMwaHJbajE0K1dQKlJwaA==,Vkk2IlVRWTVFVSNYQTFc,XExEdDhEajN+NzxORzMi,UFs7fixDSTEyaDssfmNdcQ==,VzY+TFZrOjdBI35rLnko
TWF5UlBaPTV4OXZELCVm,fjEtJ1s5dTl9dkVZPWps,Q0FAKj13YDEyT34kcGhOPw==,UlNgWTEmIzd7Qj8oPCw4,X3pJRkcxYjlwPSo2M0ha,bElnR25dWzEwYkBeTUAjMQ==,PGcxQ2FVNzEyPFZWJ2dSYQ==,Mno4Nls5NDEzW3pERldzXg==,fjpwdSgyVzNiZzplVVdV,bGhAbWF1RTRNXnkmfXIu
JSpqSHVxNDk+Tn1QXDtq,aS0vd0QwSzZpJWEodEZ2,RmNDM1teSDN0entgJz5r,M05pMTUhITRhRTBiRmFO,Y1VJP31peDN7eHldImhw,YC05TSM6WTEwMjxnZC5zSg==,c2gnflIleTEwLjtYQDNdXg==,IWI5NnJgNjZDPj0kTC03,JG9HaEBgSjEzJzRMOz5gRw==,VHUpZyNhKzVSaitkWTFI
PlApfXdcfjExV2gpOkxWLw==,V05zJGV1WzhbK25hTlFd,SG4sV01iTTEyVk5+d2lmXg==,bUYpTHR3MTlmdEJkQyYn,LWgoZy9eaTEyW3Vreyt7Xg==,RllnL1plOzExPCEwXlckZA==,PUF5Inh9aTEwRFp5ZTBqfA==,aFVFdUcibjgtVUdKNC5X,KFViL250ZTEwMzBoYSkyJA==,Ql5wJ1hHKDEyXlZZI3w0Wg==
Rlp1cTJhXkZvciBtYXplMDkuanBnVFY8OVgxcA==,YVF5W2dGJjk2P0NbLVRmMQ==
K1ItLUNdIzE1WEBkNGowKQ==,a2tnPWFpUDIlZEpieFFA,PW03PUZdbTEwWEVMPjhvdg==,QjMrUCEyPzE0dyZ8NiJ1dQ==,Zz5yb1hlQTNna1x4Ny43,NEAlPX1kYDEwTHUsJTpPPw==,R0slVHM1QDEwPUZWcE19Ww==,VyV5Q1p+NTZWZEhQfmpC,fUc4SWtKJzExZkdPTXR4eg==,Uy8xdnEiSzZbPEotNmFf
N2oiQytNdDc6TzROO1V3,UHJGMSZHTTVQYVFLLn45,cUtUU2AmRzExJS5gT1t4Nw==,KGQnTUokSzEwT00/RVZXLg==,NVA3O1NlLjEySiQqd09QVw==,LmI6eTZJUTN3LTluR3VH,M2N2bS84KDE0T31kQyZFbg==,KXBOMyJhRjlfeCt8THNT,MHd9eT9IYjEwMDgiLX0wXA==,WCVCPy1CdzRucnFVV2cx
Wmg6MEUmLzVMUGhrVHpM,XDx4fGRXbTlsekRKZmt+,d1kpLCQzeDYmYHR6TGF6,R1cwMTxUcjNgbXhzLyZ0,V1d5QGNTKDEwSFIyPXtIPA==,UkN1PXdZWThaQSU0NkRn,blIxc28nczEwaSskPHpOdQ==,Y11bV2t4cjEwMlMlUWcqfg==,V1JHNClmLTEwU0xpai1hUg==,RXVYdXtpIjEyKjAuS29qQA==
SG9SeTtFXzVEK2lgITxZ,KldMW3VxdTNYRyo5K1t8,aD5uUykpRjQ2R2csIWlK,W1lIfXMnUTkqYmhidG4+,WFAjKlRfQDZUWmA2UzQw,MU5UYHFSajNhUj4iMG1J,U0IiXkZyfjJ9RXFVfnZB,TEoiVHpwWjEwJlBUenR1Uw==,PHRIe187cjEwW2R5NmVGZA==,PFdbUVRMQzE0bF9aSWZ9Sg==
ZFAjJDNPNjVsN1NVd3hm,QVgoZWdlPTV3PnwwZ35s,QiVNe3tjKzVQMDwzJFRi,cS1uc2xiMDMiXlhEYFVk,Z2Q9ZHdWNTEyNGUnXDRpNQ==,OXMyLC5+UTVbQVZgbC5y,UD1qelgoSDEzVXVpWXtsMg==,eE1Hc3lCWjNlLFFkWmQq,Wj9PO3UrPjEwdGckT0wqOw==,YEYsPjksKTZSZFxdMl4u
RFh2eD9rWjU5LyxcT2VK,TzFcTyY9XjVxPSFoentQ,OEQiaVN8PjVPaWUpb146,Q2FKWVAjajVnay5PUDtx,b3xHZHhudzdYVGpvZTlu,YTNKXTk6PjF3LC1fb1Qq,NEUkP2xgTTYrP2lYKk1z,NEN2aGdGNTVLJSFbXWlV,bV95cGs2bDMsZlJLXCJp,OClHPCQiUTRNdmwmSlM5
JSRNSz9kOzVTSnZJaD5p,Yz1ETDhvOjVcMiI1Xmhm,Z2slKF46NzEzUmwuPGR5Og==,KC48V2hARzVaLicmQG5p,JHVIVCEmQDk4blFbeyxQ,aT44azQ5KzEyO2p4OyY/Kw==,c0xdX0JRQzVzamFRN1pS,XyotXU5yXDVha05jU35m,X0Z7QWBkPTVcJnQzV25S,J2NrLzg9YzVZM3slaWlI
UVxnazdyNzUsLnRjLEh5,J0A6dXtEZTkub3csJip3,fFU5eWpofDZUIVBoYXYs,fnlMSjYvZzlVdltsViUo,fFkrfXxRdjZ9MlAxaX5X,eEs6OSdJXTNrX0Z9YHAk,fl5ybSxpVzEyRTVHJTxAIw==,cjJWVTcpbTVDfHt3T2JD,UCp3PTQ1fjV+P2UtZEJS,Nl5qODF3QzUsQV1oYyg7
IlRBXnt9QDVXe207cnVC,LChpO1E9cDdpcDdCSXY6,Yy90TjMzXDlwZHBcd0FC,PzB7Y2VoODZveVg3R0Fk,QltVWUYnezVMKlFhbil9,eUhvPHAwITl0e2o3IVFR,UkY/YycuQzEwa3Z4PHJdOg==,SWdedURjdzEydWRXY1xYSw==,VzZUfVk0djVEWGQtezAr,Q3xeajRFQjVNLz9OaStF
dElqR0FvQTlEVCZ+JGxP,aUVqNjkmWzh2VFxSdHM9,MGckU35eWTE0WVV+VkRJOw==,dVw0fDglUDlqa1E/JE1X,a3RpN1osfThgVVxxe3tC,OFdVWmZQbDEwbVRSU2ZVLQ==,d1g5ayFYVjEwOjk+byEpXw==,KHVRVG9nVDEwKTA/SGp4dA==,MDdBSSgtVDEyJylSMz5hPg==,P1RULjJvTTEzKS94ZU02Kw==
PU9CcU1ILURhdGUgYW5kIFRpbWUgb2YgZXhlY3V0aW9uY1ZnOT91Jg==,Q1RuMk1reDE5LTExLTIwMjAgMDk6MDM6MTUkIT0oWFZW
